id;name;image
1;R-1;R-1.jpg
2;R-2;R-2.jpg
7;R-100;R-100.jpg
8;R-101;R-101.jpg
12;R-105;R-105.jpg
13;R-106;R-106.jpg
14;R-107;R-107.jpg
15;R-108;R-108.jpg
18;R-111;R-111.jpg
20;R-113;R-113.jpg
21;R-114;R-114.jpg
23;R-116;R-116.jpg
24;R-117;R-117.jpg
25;R-200;R-200.jpg
26;R-201;R-201.jpg
30;R-205;R-205.jpg
31;R-300;R-300.jpg
32;R-301-30;R-301-30.jpg
33;R-301-50;R-301-50.jpg
34;R-301-70;R-301-70.jpg
35;R-301-90;R-301-90.jpg
36;R-301-100;R-301-100.jpg
37;R-301-120;R-301-120.jpg
38;R-302;R-302.jpg
39;R-303;R-303.jpg
40;R-304;R-304.jpg
41;R-305;R-305.jpg
43;R-307;R-307.jpg
44;R-308;R-308.jpg
52;R-400a;R-400a.jpg
53;R-400b;R-400b.jpg
54;R-400c;R-400c.jpg
55;R-400d;R-400d.jpg
58;R-402;R-402.jpg
63;R-407a;R-407a.jpg
68;R-411;R-411.jpg
70;R-413;R-413.jpg
84;P-1;P-1.jpg
85;P-1a;P-1a.jpg
86;P-1b;P-1b.jpg
87;P-1c;P-1c.jpg
90;P-3;P-3.jpg
91;P-4;P-4.jpg
105;P-13a;P-13a.jpg
106;P-13b;P-13b.jpg
107;P-14a;P-14a.jpg
108;P-14b;P-14b.jpg
109;P-15;P-15.jpg
110;P-15a;P-15a.jpg
114;P-17;P-17.jpg
118;P-19;P-19.jpg
119;P-20;P-20.jpg
120;P-21;P-21.jpg
122;P-23;P-23.jpg
123;P-24;P-24.jpg
124;P-25;P-25.jpg
125;P-26;P-26.jpg
126;P-27;P-27.jpg
133;P-34;P-34.jpg
134;P-50;P-50.jpg
135;S-1;S-1.jpg
136;S-1a;S-1a.jpg
137;S-2;S-2.jpg
138;S-2a;S-2a.jpg
141;S-5;S-5.jpg
147;S-11;S-11.jpg
148;S-11a;S-11a.jpg
151;S-13;S-13.jpg
154;S-15a;S-15a.jpg
159;S-17;S-17.jpg
160;S-18;S-18.jpg
161;S-19;S-19.jpg
164;S-22;S-22.jpg
166;S-24;S-24.jpg
167;S-25;S-25.jpg
168;S-26a;S-26a.jpg
169;S-26b;S-26b.jpg
170;S-26c;S-26c.jpg
182;S-50a;S-50a.jpg
183;S-50b;S-50b.jpg
190;S-52b;S-52b.jpg
194;S-60b;S-60b.jpg
195;S-61a;S-61a.jpg
204;S-102;S-102.jpg
207;S-105;S-105.jpg
209;S-107;S-107.jpg
224;S-122;S-122.jpg
225;S-123;S-123.jpg
230;Unknown;Unknown.jpg
231;S-7-40;S-7-40.jpg
237;S-7-80;S-7-80.jpg
242;S-17-minus;S-17-minus.jpg
244;R-301-20;R-301-20.jpg
245;R-301-40;R-301-40.jpg
246;R-301-60;R-301-60.jpg
247;R-301-80;R-301-80.jpg
251;R-403a;R-403a.jpg
252;R-401a;R-401a.jpg
253;R-403c;R-403c.jpg